x,y,richness_species_vascular,bias_area_km2,bias_species_per_record,climate_aridity_index_average,climate_hypervolume,climate_velocity_lgm_average,neighbors_count,neighbors_percent_shared_edge,human_population_density,topography_elevation_average,landcover_herbs_percent_average,fragmentation_cohesion,fragmentation_division,neighbors_area,human_population,human_footprint_average,climate_bio1_average,climate_bio15_minimum
-66.2200375052167,-0.437948196288551,4835,268444.405071942,0.269999488830956,-1.27163038539748,0.0223965015299396,7.68062323745908,10,99.9999999999863,7.0675297431214,86.8077760186759,16.223726594719,99.811688556868,0.919528077116076,2005112.53513892,1897238.81722048,0.43050562178162,251.058158918915,13
-92.0736788152718,18.6461103125661,4360,26658.4126875829,0.145661513374518,0.01279433550623,0.521948420167803,7.95456410829367,13,56.4609520100015,42.5908861364265,6.92118659586156,53.9020692180919,92.4027432459732,0.999995256297795,720242.400047452,1135405.41935471,8.30184947811756,261.088701702985,25
-123.99060242597,54.9272077145,1362,140062.769916803,0.121855400096492,0.05070049361191,0.0308820897896816,6.42025982629103,8,99.9999999998664,0.8711942056519,1130.22091913513,42.666303263834,99.688197960709,0.96909336372885,15661626.9433405,122021.873579074,0.56878858176385,11.5856564306216,17
-75.7021459556892,4.83966427141358,7818,31915.2719275176,0.162534229988264,-0.57904796623644,0.685987771054482,0.57465467664787,4,35.4847328654358,218.820246313003,1872.90322322215,54.3661708548081,99.3448731784056,0.964903057796991,284153.954936814,6983707.66432588,11.9806927123668,173.214276176997,16
-61.1262576926211,-8.90859184654725,10394,716681.866903093,0.247539953939563,-0.51033377681953,0.0519946349147835,6.55610734410771,10,100.000000000419,3.04600064865178,166.793692379238,28.2157198253879,99.899179114881,0.86988193662378,4646036.58397863,2183013.43146379,1.97401171259761,251.829741335956,31
-63.3421681961542,-6.66862821751906,2690,173261.397489755,0.420451034908866,-0.75537704010426,0.0014719403951724,7.61145179510218,8,99.9999999998868,0.752283462918346,86.9004134318769,18.4078949304326,99.7347681609132,0.929491398702744,2801093.13770126,130341.684093665,0.65389915793294,255.799478183254,28
-68.7249098350423,-3.38906231492595,5109,176760.369910403,0.291752177048089,-1.18686476921754,0.047556569070607,8.39617463740525,11,99.9999999999527,1.87303263423307,94.542139804192,20.6001242138826,98.7753280715982,0.997515467238407,3024412.30375818,331077.941281294,0.92165233805737,251.915886662168,10
-74.1955718634484,40.8416537415007,7372,73432.5765803454,0.0194048507748586,0.02578302871139,0.0011860101264118,37.967150074712,8,47.8900356439457,506.511216095346,112.52561326597,56.4896949931835,99.4040474261957,0.984838625600421,1481083.83634709,37194423.6647254,28.2622898233046,112.201395386137,5
-121.364564358194,43.8972747125,2766,53257.2188652425,0.0860587583148559,0.53819505676179,0.248600199333583,2.68387354493257,8,99.9999999999244,4.72940523731594,1391.06153588797,62.700565174272,99.3570170087535,0.995480698995614,844486.272748893,251874.969826159,2.56885447658649,78.5409542244686,26
-80.0331520984986,35.767756724,4254,166117.466722355,0.0363284264476769,0.14245355409428,0.000573128138957,37.6535302011315,4,100.000000000044,121.270287270759,206.654637692197,49.4749012041668,99.762790609013,0.928111182614858,836525.606448225,20145112.9101107,14.3769812055207,158.650173897591,7
-90.0384760180671,44.9184622890001,2610,136416.815405889,0.0239017373022021,0.23692384842758,0.0013601523387014,55.0601367666262,6,79.8580535189818,45.8971471025694,323.807572902404,77.2244214579125,99.5695733339321,0.931591106778737,1499412.63326706,6261142.64394814,11.3612967657678,72.6957056157333,17
-90.8839868432692,33.2647858224913,2502,116119.478679178,0.110259204483537,0.08772280076881,0.0047984426951057,62.7009741702117,7,46.1626112054642,21.2476582718952,43.2892142967582,73.9893766427872,99.5891437070854,0.983877479205462,1291909.01583946,2467267.0016858,9.22961011183838,179.081263206721,9
-111.091281794282,70.8781497035001,492,985868.198754191,0.0489837862525691,0.321054808538,0.0617102613060648,23.0235465861289,3,21.6356562689216,0.0152040493440432,167.332633875233,40.3153972774506,99.5449949819658,0.98922979694346,1589079.23553631,14989.1887405817,0.47217813076466,-134.706786646476,28
-59.2268335504955,-26.0449396115015,6084,291595.254616819,0.107691250729965,0.32147640901622,0.0405692092256089,11.7935120851793,7,100.000000000044,20.7917459484238,81.8058061359091,72.810742096081,99.850554069105,0.813867920418446,3712894.97725829,6062774.45375886,6.46995074677673,220.723017105655,15
-82.7781719953065,9.13385685439952,10248,16274.4434732661,0.0742307795303002,-1.39466303738018,0.824117745736013,0.52742734756335,6,99.999999999869,28.824457753122,1427.25814977974,35.5173879243327,97.8330199586466,0.997032664684987,206080.82224916,469102.00835073,6.1348535890127,181.21943508681,20
-107.023379382093,26.9019593724909,7963,216444.729559099,0.0756757732796446,0.61156599314949,1.17510465908619,1.5773627418913,9,100.000000000098,7.12397546130995,1960.05748942532,63.8883193164186,99.372041673309,0.992677383153082,1194276.99091731,1541946.94210889,4.26218833915502,153.292484713651,51
-111.362713368172,34.3141737084986,3976,110909.702537322,0.0368456352755039,0.77007127766736,0.14498906754059,4.66961555793904,5,100.000000000005,4.45979277994682,1953.79617019098,61.7685538374891,99.2469144438196,0.977181724538226,1624304.92079772,494634.290601998,3.12044314167221,122.225858890994,25
-110.644924075462,37.2655620094997,4253,283434.821326955,0.0420698044352952,0.84581002305747,0.0933224997468223,6.91298086313042,9,100.000000000025,8.16385563888213,1851.54044479481,37.2496765722217,99.8322472529562,0.9042273671333,2076734.94057353,2313920.96434561,4.30170310418123,110.584752586818,7
-56.3425737544009,5.82270877749042,4110,40894.3595663833,0.27802890431018,-0.11771158991988,0.377651210070661,7.83397340272105,23,28.0900531929281,67.4208663882243,13.7389710764654,50.0287641762503,95.1920420924625,0.999997591332831,3157350.27612736,2757133.15235713,10.4546758386231,267.300473830401,26
-78.0918513050109,-6.7265503104648,2578,11322.2997823269,0.614125350795136,0.3601150632379,0.245040771278047,0.40323505024209,4,83.6093146668537,29.6818207304061,1656.90816249906,63.9421040774949,98.7685192509655,0.984892676968211,429398.346414068,336066.472394943,6.51182698806037,189.136066681685,16
-74.8037103773408,-5.21883964275543,7546,114506.363371564,0.250062586055827,-0.87854835365267,0.0525830413967407,7.95245372715968,7,100.000000000039,7.6906008006903,151.264075827968,27.6762223450501,98.5200928299815,0.998148745262767,1814601.5256073,880622.729829484,1.92240928578898,251.829835228037,6
-99.59147065767,16.9388946256975,6940,42281.6300801075,0.102955076170355,0.39844335493291,0.0495537059078539,1.79828016024635,9,71.4335548642591,96.5115765483223,416.363372386118,64.3025548990744,99.376819271759,0.978897444073606,516070.430608157,4080666.77806414,8.6793369764675,251.133733943659,75
-69.1737054573811,6.26232800734761,15207,375786.605785371,0.323358304925596,-0.18433285792771,0.299700798881515,7.19525323622008,16,97.1587724994119,12.7290678656638,123.679576096957,74.0706891264099,99.8462556111095,0.886203306319413,1665982.22597337,4783413.20804943,4.75231431524665,261.746510069401,42
-118.501385730886,44.9389703915001,2502,70911.469788727,0.0849774603360459,0.63555995722938,0.039806071025755,2.72104558066996,6,100.00000000009,3.22758924524713,1304.55544172592,64.3058936965168,99.7565221783943,0.785862708704038,850244.004989381,228873.097254762,2.68529072470256,74.6006473940667,20
-159.856923611074,60.006670439,566,50824.3940629069,0.212357723577236,-0.02214857504178,0.0025481036916224,1.67577382408894,2,59.0464659338699,0.0405887831041987,276.29021894541,81.8469277015038,99.6449655414567,0.748397109041491,579783.255158842,2062.90030702165,0.20245129282872,-8.11529517148714,31
-101.146176406623,18.4645876864709,7158,62246.5984624408,0.0832414860336439,0.51589893942814,0.0537616096789847,1.05603760423846,8,95.6722804570793,73.9267760128107,953.071280231335,72.5245793901157,99.475085031522,0.929462958294475,480803.36579206,4601690.34209223,7.99488696109359,233.66214511041,79
-121.027286808767,50.6074177405001,2169,52636.0267978414,0.0857440297801192,0.31035062897495,0.156672576174928,3.86668261931226,6,100.000000000057,10.3359332627283,1263.32376811899,43.4382454182764,99.5486265657782,0.94499461359254,14813416.4891286,544042.460197665,3.02537974883417,41.7768350579492,16
-92.5939183931903,18.1637061374865,2507,17152.7022756707,0.158431226303686,-0.04180904541585,0.0007843993374982,8.95681025350609,3,90.9476507298722,115.053981112955,8.30098962104755,69.3988414192614,99.5207004958466,0.774056325311024,244736.102835628,1973486.68366115,10.4951484431571,264.542891624427,46
-151.427081272695,59.3120672375001,904,64308.3963742737,0.132798497909021,-2.91687204132717,0.807829642403943,1.40990762211978,5,17.2016790902859,0.545647712433646,310.21349431691,43.7709566759519,96.975469251407,0.99993085008192,14455447.8726142,35089.7293718986,4.68370847402975,44.655225845746,15
-156.01441719892,64.2869854055001,1162,426273.525177665,0.0705115698286963,0.39793196742379,0.13255863790156,4.14625692752521,9,97.9811490601788,0.304462868519033,242.010711118285,66.5330532110792,99.8430008691462,0.942713647531646,15358739.1967691,129784.460249312,0.34274797501462,-28.6485437634616,32
-67.562289045677,-28.7458969354897,2435,116566.891957764,0.203450277846894,0.89383637443818,1.87238999689934,2.25876325228094,6,100.000000000103,4.27552299051563,1823.7162230843,29.9069088195369,99.6793372096898,0.900349902573919,1806771.46260835,498384.426498372,2.67631675448247,129.071520017499,39
-82.5659707232502,8.5197819686102,8874,29175.9647719764,0.0910698065108465,-0.70624463591579,0.39308442762878,1.36651041485477,6,49.3138880643727,39.6277004737739,325.770016168633,60.3680459907779,99.2726392776348,0.96584534041003,193179.30095045,1156176.39301726,10.0396430924007,246.125306904605,34
-92.8405890282665,16.2774564928875,4939,13973.6324510796,0.167206464487846,0.293452758875,0.0319150880540791,1.55182776656133,5,91.8086331998305,124.884779827357,766.871373904456,65.6930625848661,99.3292440183145,0.864278156364415,326287.821363948,1745094.01204148,9.45593136649796,231.484754968522,54
-75.184928584103,20.41853429094,3398,21339.2741004697,0.261212248029574,0.15191615397196,0.0211420947380414,2.91423219251175,2,62.6939221336223,95.6047318971977,251.476334301881,52.7833766630983,94.8118886104232,0.999649663558356,87651.1840269355,2040135.57925622,10.0851429882245,243.604526686038,38
-62.6065251564802,-25.6782645395043,5893,786789.490231317,0.113150013612851,0.63972779662242,0.991216087596107,11.4103047142291,11,100.000000000033,6.37403137355231,326.333547297631,67.980252412036,99.9447018195775,0.673587940862396,2657093.5234396,5015020.89511564,4.25518205069966,218.754541145334,42
-100.653668406231,21.0321204509619,5861,59194.7491934733,0.0618213021136415,0.72506345181887,0.0529480059755808,2.40120192825645,8,99.9999999999797,498.791954612393,2072.63331759628,71.0045322722061,99.5714662426847,0.921429222230771,744576.517149197,29525864.6530029,12.6701423079517,173.312160248196,57
-81.8509459125222,22.3564270422954,1986,21906.5901414808,0.350319396051103,0.34153296049473,0.0734463967594383,8.28483979966419,7,18.3304046230266,100.724705688043,14.5550564259888,54.0940615755451,86.0039486571421,0.999999253656414,701016.678585126,2206534.84462924,13.3893941054016,255.699244001315,25
-76.9634333822739,41.9467860430005,2503,73237.6654806044,0.0499411895603522,-0.0391367701424,0.0007264277395944,25.7852875852209,6,99.9999999999258,27.6288461442777,476.299491765199,43.2713903976806,99.7906045543489,0.734202469135802,1110501.98750209,2023472.1915297,10.1623032991599,85.1037689714795,7
-122.857021187346,65.0150272400001,760,334353.63204403,0.153254522147842,0.54377019386312,0.0090878977999728,14.468457651145,6,97.9193907319242,0.0201338786397674,249.406218240352,66.2454342727753,99.8137130900953,0.954368355287468,2366499.81368289,6731.83545033994,0.34365947159301,-57.821855419353,30
-119.863762117096,57.1175382805001,1056,121628.402092103,0.185346035304007,0.41220306890169,0.0027234041158964,28.9009397828839,7,99.6771354164195,0.72286111692552,952.472208369317,36.7072077003231,99.4076694827905,0.994220584316867,1890090.76739244,87920.4425861638,1.20746921614181,17.0876260445428,30
-126.538426329296,49.9529823725001,2324,77510.8173789916,0.0644826947991856,-2.17933454774444,2.69465151433149,2.73873603977162,8,27.0362558172052,3.92239805340328,344.643460496143,31.5668292682927,98.4481590513785,0.999790390371869,453764.821360029,304028.279205054,4.34137169063998,90.053917031478,26
-115.11806713875,45.106515158,4119,176756.948309751,0.0778743103557613,0.56044868896171,0.286947826208309,4.74783100901538,8,100.000000000331,1.31114828245474,2132.24738985048,53.6473101512553,99.1786459732129,0.98299171563935,1630090.38478753,231754.569188271,1.75696935045134,34.566214460211,12
-105.612072935995,47.3569040365002,2362,719348.383323597,0.044887983706721,0.70211271674698,0.0052733285423426,46.6850409884727,11,99.9581577071474,2.91077328579388,819.644191454967,67.9324408007052,99.8921998230891,0.912597897666415,2900573.2278912,2093860.05735734,3.87165128249961,64.3294802086192,38
-121.431797904054,40.7623564035001,3017,58854.0438888481,0.0513188113299464,-0.44534447848316,2.0246827769269,1.38135737165568,13,100.000000000127,3.2295037079821,1136.25956612485,39.7223768262602,99.0681905918737,0.997887063891589,1085927.14467318,190069.352968776,2.70316024708536,77.0166129066262,36
-99.3971187410924,26.8375695079524,2774,125090.577101278,0.140321631692489,0.7344049653099,0.0059147008817343,19.7705415033354,8,99.6745387597374,50.2279040530415,236.795181017762,75.3956325679008,99.7194924578759,0.929107535770608,917105.261115108,6283037.50458258,6.72936360799574,227.471557847978,28
-118.872602628365,47.0623442040001,2656,83923.2501304518,0.0842305781017061,0.75224738790192,0.0305835849579666,9.56660482324979,7,100.000000000111,16.1490892576006,556.718907631202,69.3113716692417,99.5323101857821,0.953506957982377,731950.716849681,1355284.05714461,6.47244738865726,105.79371697461,19
-71.0894164829539,19.5685425072788,2014,15445.8593020437,0.36812242090784,0.46775424992374,0.0433026996904806,1.27873329604019,3,60.1113088414434,357.068463967294,214.777783933518,76.9614958448753,98.0296377403532,0.992552965280133,79280.1728149162,5515229.25563568,14.0417174515235,254.351855955679,22
-84.3006545766818,14.8258385374789,1353,18853.787972837,0.298582333696838,-0.64333178850621,0.0063353992260819,6.04708756505095,2,90.2191660609474,10.8487781314468,38.3649954768366,54.9866209589106,98.5442340079014,0.94945439833731,116108.306608893,204540.562654648,5.24920249488168,260.161881635957,42
-97.1858302447247,48.7201291740001,1461,82919.5437635756,0.0641983416796651,0.43952151932422,9.6807284926002e-05,80.1311992995578,4,99.9999999998291,17.4356908641155,290.207137000463,83.433096859292,99.5651657158559,0.97916904643288,1323898.58385419,1445759.5316552,6.57230045274678,42.7878507005098,45
-82.8235757109564,37.2652682404988,4767,181485.31617263,0.0296513522319974,0.01664703945179,0.0043861348977222,36.9856060649664,5,99.9999999999643,40.1034698221349,406.21505492339,43.1639704049786,99.6787637082198,0.964581362763673,1109326.31439672,7278190.90028968,11.3639785886195,122.31435596606,11
-64.4324402690648,-23.1951579915263,4426,75157.2866763799,0.167630254387158,0.5594727083785,0.705347120905005,1.87748544849675,6,100.000000000041,30.212138061558,1400.71136014384,53.3833617328218,98.6680290423456,0.993487578007644,1532776.8956684,2270662.32139888,5.98043048746067,167.199103064009,55
-116.10975077954,42.58277942,2776,193188.175907005,0.0535375224034213,0.79496258919837,0.0116588782702715,5.15831973122909,9,94.4238331653051,7.91352661902108,1513.39496328214,60.364015843197,99.8175524896879,0.865421852753219,992214.866088022,1528799.77252021,4.8180561211755,88.1910149630194,14
-124.602332089556,52.9173599330001,1489,104683.521203755,0.116314850144624,0.30942391778348,0.0799925721877497,8.54515700439973,5,99.9999999999328,0.694838229899829,1174.34720371492,38.0041641429437,99.6499130621436,0.961961973131802,14782237.8731979,72738.1125728983,0.63073389864728,32.4458055723804,17
-93.9103950828704,32.3753542400168,2942,152131.91626593,0.0502255215185116,0.16018910406273,0.0004196547331202,58.6014619130341,6,99.9999999999727,28.1865064176859,83.5547895849347,50.7295686010761,99.7746140723606,0.868382633075601,463671.812129359,4288067.23416449,8.35245964642583,188.57871829362,10
-155.768128002554,70.4002044415001,397,50032.5696077584,0.143343343343343,0.53771236827826,0.0038724802652049,4.97634632497933,1,28.153771580775,0.095751113239425,26.5859722697706,59.7387086125104,99.2743000481073,0.990433783920015,130340.635705143,4790.67423817189,1.36498630605957,-104.740903310999,63
-52.0439615013707,-23.1926232199998,11751,482878.521529397,0.106235930322388,0.01671188483292,0.785936452930953,4.61024161106419,9,99.1086178727382,56.6316951557938,429.299877776151,73.7243317579672,99.6098381572278,0.98257711915373,3166858.7115197,27346229.2285332,11.5969672693416,219.295097392503,7
-124.852731538383,49.3313499365001,3831,36181.1110510997,0.0373947679423394,-0.81405301526063,0.941499505692813,6.45868393375018,5,30.8735115134597,215.487774259041,299.532230253418,41.6389793607942,98.4778788486017,0.99725937119983,297442.232404493,7796587.09062068,14.654288948881,96.3850267379679,28
-72.4452629926529,9.80489538102586,1279,30084.6326316763,0.593421653723161,0.36938837345453,0.0470819776296297,3.02337830440637,8,91.751866339769,58.8577520955122,182.752980394373,75.4104751680886,99.4946996362839,0.895020461688515,254560.13745155,1770713.84931976,10.6633990620939,271.879484716651,24
-69.1245969456401,10.8309410963364,681,16869.8901735995,0.67481884057971,0.51578124549835,0.0094200602412247,1.70332454090139,8,77.2809052248877,62.5284774029942,324.575715282624,68.496560661948,99.5835439634513,0.711932876662645,602434.908243194,1054848.54651091,7.1874190010966,252.877280430665,36
-152.194810141907,67.7904370675001,777,160605.048675987,0.0650377290693496,0.55218208537557,0.104905950200337,0.42386385441229,5,99.999999999952,0.0039262671229742,880.363959848002,67.5261093816457,99.673573875063,0.985492029628455,1347542.63651874,630.578322400201,0.06408584715963,-106.207169771384,34
-106.585232240781,45.0400386465002,1981,100078.94854238,0.124865750946809,0.69697312047357,0.024625011965303,14.7788550871832,7,99.9999999996995,15.049988130093,1514.58258102228,67.8287328700396,99.2920026528566,0.995977026455455,1955532.44393879,1506186.98763501,5.20922021409129,55.8691834891094,19
-77.4355946322509,3.21886372613048,1466,13460.9125042988,0.683218390804598,-0.91173643237207,1.06916018846191,4.36811123096664,4,17.8553349794544,88.9712160935264,29.3929175193523,53.0895097428597,93.1431461174243,0.999971756015324,177114.455991494,1197633.75523602,12.3969214342913,253.621387798787,12
-90.8491217709585,14.9533722192415,10813,110941.506785508,0.0691309021748119,0.07398671717137,2.60374008836912,0.76833988100686,9,93.349699114615,191.76918700743,1121.49098112502,57.4831246495982,99.569688854683,0.969502177967975,455555.373236132,21275162.5616361,9.81222201457672,206.820160717623,37
-102.45737347277,37.3991165310018,6103,487149.075991214,0.0508991331067258,0.78268762395773,0.0199127893028092,28.1584628399979,10,100.000000000014,14.2719492143506,1229.11412132329,66.5812376902985,99.8445980095438,0.955862524641162,2368215.12763971,6952566.87236443,5.36915297982829,130.312802371352,32
-92.1945561235398,37.2786319964973,2887,106390.976166326,0.0401519325681997,0.21761415191661,0.0002671464429467,61.3851976843674,5,99.9999999998229,28.741668935538,293.43745413346,61.1885195246617,99.7988115228175,0.794594737476442,1277710.22528329,3057854.21470126,7.66089016492642,138.594951783806,11
-35.9441293280285,-8.58094417299997,3231,22597.1033031972,0.189588232077432,0.25333958303613,0.0262583475597205,4.78504918056953,5,88.1064744561531,164.476414343467,256.71664568311,80.4729693640075,97.7172432281727,0.99629184206758,1097393.78298612,3716690.5258588,14.0859181259776,249.530713468142,38
-41.7532153576598,-17.0921919405,11213,229241.630896908,0.153331870571381,0.14460145339406,0.169961948823449,4.14328217409388,8,98.7174921539698,59.5448338407534,594.561331121414,74.3943808754094,99.7112021529898,0.946578314342174,3397087.48045564,13650154.8211397,10.4869021793072,223.824212712862,16
-104.129866972303,19.8041858848047,5175,26050.1886057567,0.114930205179953,0.42664918437927,0.0211529419145036,1.27651486169963,7,71.1175746323601,82.8867898272278,545.626216277783,60.613296885678,99.2398320194264,0.956978937525902,588717.976718204,2159216.507925,8.42982199225487,237.522730970744,92
-68.8836876775487,55.5005356205001,1016,757985.099455822,0.0702006943856381,-0.36979410914367,0.0426546427260065,60.8245308487239,5,51.2572240784632,0.020055896072339,376.503686086052,62.4329105172474,99.8860329373589,0.749232840927363,1984287.75314318,15202.0703790675,0.15300567973057,-34.7685110793118,8
-70.0545398956498,44.7493580880003,3784,334384.463067624,0.0149424710682989,-0.38679901216224,0.0542941166881867,33.8195432773416,6,37.3607089652534,15.6060221059821,292.555312475338,34.9858348673694,99.6113666382527,0.945162045308919,941914.761356334,5218411.32253031,6.49650276493552,55.7212581603681,5
-68.5203915943553,-2.27337823868326,4866,166931.181161928,0.233276963547539,-1.50670820519489,0.0017465384878229,8.95991782404654,7,100.000000000077,1.13628687199913,136.602865170844,18.587477952336,99.792427676412,0.857762483968031,1981805.90421658,189681.709681608,0.51577177078633,246.108171992288,10
-85.8292712151566,54.5232705065,1162,373301.341385933,0.0820408376416523,0.06170594658932,0.0067738177244031,111.001003832334,5,53.3307424414244,0.0187662658508397,96.9942269633634,59.3849137009633,99.8271418162244,0.905121901968387,3260348.07330151,7005.47221492347,0.16939711348168,-20.9626642026217,20
-73.4968715663978,-11.8899188969795,11637,185961.878894513,0.192632374955631,0.0464329845583,8.81071085892326,0.65665417107067,8,98.2547645256556,27.9809323919607,2653.00665071338,54.8495304316417,99.4829777462289,0.989847535468667,1417626.77751958,5203386.76082936,5.59076666064656,133.778688820661,11
-65.3069700188216,-35.1933651579989,5374,298731.100061257,0.201220626393305,0.57142163498154,0.165607182532103,11.3294703852712,7,85.4625693114049,15.8695596749541,198.044155670843,82.2951917050538,99.7159067262893,0.956010584432703,2247036.90604429,4740731.0191868,7.38708716509107,169.533054512958,21
-112.563224239858,31.3406485059997,4886,224486.273107579,0.019791158908116,0.91152505391803,0.185600356052232,7.58446575978148,10,81.7476193508994,47.8086274777095,411.447759566813,38.3496020641785,99.7636078853185,0.952680728395662,1444771.03515732,10732380.6048596,6.4652826186787,229.070112029919,44
-145.952099089636,61.9490337105001,288,17257.0273656183,0.472934472934473,0.24870847009065,0.0095963435602458,1.82809273758304,3,100.000000000231,0.0003677608495998,662.364598341876,57.6570375794223,99.0942284899641,0.972209360651482,14466317.7508239,6.3464590455477,0.70073458204408,-13.0761745045705,30
-56.9676907587368,-28.9058771250009,2279,26865.369061054,0.272912179947356,0.03873013916623,0.0002137910407678,9.42408712275267,4,99.9999999999709,22.0216557760022,83.3983691831857,70.6938282018839,99.5998950024371,0.792580367671943,1425701.49593625,591619.909757791,7.51694081259665,207.116631519753,13
-74.0376604019921,9.85810217204461,1740,24879.2733677375,0.555322338830585,0.25568842924315,0.0044223852782006,2.70742891367624,7,54.0792368324448,84.5225223390836,169.631311074919,68.6580143865364,99.2027807329614,0.900445045752377,411513.188569745,2102858.93900476,11.2725637893594,265.053779858849,47
-71.0846665393768,10.9128453651809,370,15909.1418638437,0.79890310786106,0.6283561840302,0.0115191851658021,2.22778156434916,9,72.6391950811231,78.0673767916526,345.817786603693,67.1243022756548,99.167483725807,0.94527810988018,629597.656191267,1241984.97231654,9.87279948475741,260.675504508373,32
-98.0791060091097,27.3760546334466,3306,90734.7849026354,0.0447274540642142,0.40551985671832,0.053123400822821,41.9176300501231,7,28.9774414829701,124.239253358647,26.4091613959891,76.5365114212535,99.4636904880969,0.983538941773965,577659.84369288,11272821.9299609,11.8307284860523,219.703483003154,9
-50.4315628394194,-1.12099158249729,2176,88305.0010831746,0.38799661876585,-0.69315392497079,0.0123920276484787,8.82474000596097,7,51.2632650857743,6.59461339600811,14.884764607715,44.5476683992899,99.0213071645176,0.977497564306954,1884529.37085887,582337.343077614,2.85363053668803,265.129408488717,35
-93.3275719230581,54.0583254390001,1335,757037.382141747,0.0882748678519942,0.18726458507097,0.0050384477303377,96.5410525816867,6,89.2057565218599,0.149361800456447,326.59014974111,41.2959505495592,99.8960915982815,0.900958578602062,2436521.84152675,113072.466409527,0.26017906223253,-6.36242376649313,12
-75.1946541069813,3.68939505095385,2143,19548.7341076508,0.281456953642384,-0.17146851894306,0.0250822947748853,1.54304203734993,4,99.9999999999316,86.9428503997033,615.295449578179,71.8802290510119,99.252990081058,0.940559213409753,278426.005099477,1699622.66502506,11.9092538357302,245.018665034751,21
-121.119106314898,48.3005300505001,2225,35270.641311188,0.0708568112016638,-0.42273678380752,3.03445493464996,2.79386362122416,7,100.000000000282,2.13682841035207,1225.73645136136,43.1709825199818,99.5621127562149,0.87129930757347,680038.090957816,75367.308405084,2.28690948079797,49.5000649814803,18
-119.048520826622,34.5269483450002,3586,19839.8033217035,0.023623602614831,0.74475667273175,0.1358764191392,1.44581163976739,7,99.9999999999392,8.84650779697689,1346.57057532472,62.9398049868672,97.6043098894358,0.999457107773131,633856.220382443,175512.974775938,5.32482999316375,127.665023567085,52
-164.705709936183,68.5880791895,683,130340.635705143,0.0967137616111154,0.55542493994526,0.0242730873751491,1.76654127507293,7,76.1729647134028,0.00826755932986,229.551618600021,78.0076885893963,99.6173830211645,0.989401773896691,2268582.0433222,1077.59893878394,0.31399978941928,-94.8915604988849,52
-99.812580042844,30.7639929255069,2324,74963.8719994324,0.0318061437289697,0.68881796673517,0.0014599744960235,25.2995852608095,7,99.9999999998867,21.0869976896679,594.849296843433,74.1282435375625,99.6566396505006,0.765783993786803,1576421.75838093,1580762.99566059,5.86131998304934,189.873510658218,20
-109.522437189243,27.6598578470009,2127,50902.5091799237,0.162573781243168,0.76934919208576,0.0191247175505867,4.78517424962822,4,85.9904756246249,34.8145042892345,398.791333019312,74.834136112926,99.3826219171747,0.984751981056692,1020189.89723911,1772145.62417725,8.13339309862793,222.06380198441,77
-113.518099206366,27.830474755502,2758,77590.457138992,0.0654235550429322,0.92220700250499,0.0250770633574492,4.37931876672872,4,39.2045015969743,3.33333886080168,325.747120550284,35.9831400311292,99.4331815297224,0.994244893485667,300740.338150627,258635.286008769,3.81845659486871,214.382286488929,52
-107.081745620375,54.4678824370002,1626,569723.860699148,0.0678318048105209,0.44059160396381,0.0010988630489048,65.300019362907,9,99.1557691234654,1.49803972334229,522.498574704392,48.8268528365578,99.8691185633726,0.933459282615993,3021926.70977591,853468.974663252,1.90524504965146,14.9092211757114,36
-121.759153734493,37.5898320895001,5456,71970.8993768516,0.0219410545064915,0.65168792588447,0.452695897559456,2.52444883908487,8,81.9572064838611,123.631077320971,396.387591438112,73.4775626797398,99.4928619636065,0.992543790087908,400453.986243368,8897839.8257194,9.05145625446334,152.016357530254,67
-100.730681375722,42.0186863195004,807,59123.0031031222,0.220216606498195,0.65900950636191,1.13949971944741e-05,60.297255834843,4,99.9999999998941,0.43340933747926,938.169880792986,76.8973891072431,99.5164927128926,0.811702385550738,1823926.70512575,25624.4616047084,4.53820239277847,93.2821124692264,52
-65.5432173744568,46.4826619885001,1495,36257.3052721911,0.0869584477717728,-0.41983170412147,0.0001120791570124,59.3987740248414,1,36.962839660548,16.7122606307678,65.6941968127216,39.7553608921626,98.8609315293351,0.976558078792857,334384.463067624,605941.53547817,8.8640071593295,56.5688913365229,6
-101.756133661454,19.3681656469094,10237,92025.5454026883,0.046386761362928,0.43931773303893,0.666801693274068,1.04832597134669,12,93.0558811896603,179.607602000853,2079.71178452951,65.1459989819739,99.2145548883769,0.9581353610772,961663.441025916,16528487.5325975,9.91334491776807,165.427079493795,57
-51.0072893427095,-5.79176731749777,3873,265071.987630204,0.237718001773574,-0.41207849786375,0.0156910039211218,5.81804727595693,6,99.6297907344167,5.00060537466484,202.521090313401,41.5684921225412,99.8306708154573,0.806626530465926,3408571.68961754,1325520.40601669,2.86443200062654,255.524924446649,38
-80.1035111643982,37.4488819850015,4247,163311.417765405,0.0258769295379852,0.01468509106377,0.0363990161838958,20.5050697953743,6,99.9971763584494,69.8145343219415,488.306681087582,46.8865062827028,99.6799886428031,0.977913094536695,1349962.93036374,11401510.5807478,12.8901101195572,123.856026091278,7
-67.3631525305412,-15.6973536484737,9762,90229.2075152389,0.134753333088927,-0.12772453892971,1.5484294129402,1.59251053548866,10,99.9999999998257,11.4477703092275,1348.42661773298,30.4509111159801,99.6685480992272,0.935614018615326,2805981.64329862,1032923.24281808,3.80353491089687,196.805853783231,39
-75.9844441790978,-6.69558065064042,7481,114442.969447855,0.231392646445385,-0.56856996057187,0.772580086155095,3.6290548291573,7,91.6783328832838,9.62697247152634,572.978623770959,27.8225958225588,99.668987185717,0.94468683009847,1438027.76882295,1101739.31643423,2.58950971747812,237.616502300631,7
-48.7532167389869,-25.8076659529999,10738,104609.504620905,0.0863366224819661,-0.31174955919248,0.485245323314207,3.21943308866778,7,64.2521084149174,439.267369919151,492.573690435313,54.0039601693945,99.5424680285871,0.979000699256583,3226667.10475032,45951541.9633702,13.0892449734844,204.013392141751,13
-35.3073053921727,-8.42399697549993,2960,17501.6428105404,0.192975279060254,0.0370464812276,0.0059670989566145,4.1849044254833,3,82.9028032383674,166.492103383275,176.09900361434,81.2768389176517,98.8744659428468,0.933217251017702,763942.555359186,2913885.32418964,14.6053531308,252.637616696808,50
-92.7544699573049,47.8536566695,2814,290094.131219695,0.0194503284622604,0.17067467784079,0.0090702580026558,73.9127129936896,8,46.9533757734996,6.4610912139622,369.553757481711,45.2206388576352,99.7500869517368,0.881482764371077,2451171.41419108,1874324.64244557,4.30661736719047,46.5280530192444,13
-66.2811782182971,1.88436217886172,5324,200931.924129869,0.189952477936185,-1.00503118515275,0.0501395555740017,7.3851409966626,10,100.00000000002,1.30647907396562,134.934348089544,18.382453849502,99.7737733132723,0.93917244193202,1954847.68068716,262513.354167321,0.38987462768091,245.993394269913,15
-127.214959462811,52.8319613775001,1746,110922.07233625,0.0931437775754605,-1.40348351800786,2.35942318488494,2.21718743755101,8,57.1266953755223,0.776842304248628,945.159762158512,47.227985944771,99.508655204814,0.995275883842328,14747360.5158651,86168.9582657254,1.1407105699121,38.7950595658918,25
-67.6223927587319,-21.8741206805657,1463,254932.081282774,0.304691618344755,0.90150336408907,1.2258762892566,2.6013393061115,9,99.3941557779842,4.99348824286109,4003.6684541653,16.0093457943925,99.8075364591677,0.899290529479107,1061149.80150866,1273000.35061364,2.57222837997834,47.3695776758949,59
-106.553445467595,39.0262833270001,3859,145701.611128316,0.0223089793641941,0.61228461114915,0.3561867979196,3.52262708498177,4,100.000000000084,4.26041684335193,2693.59873249599,59.2135546639828,99.6664341691667,0.974477234000933,1622614.67053056,620749.598154591,3.55749955191573,40.172969718695,5
-69.841904557798,-30.3779188644907,1877,124778.261861438,0.237715140932901,0.82054515754862,4.39740052509567,0.63857593186179,7,99.9999999999664,5.4988429901632,3574.73797166249,9.78820579438688,99.5300608268639,0.980669416809609,1909985.64443189,686136.070561516,2.41523821032597,18.6268330261926,15
-98.5699350611191,21.8406366527176,7100,68946.4464298084,0.0948792032950145,0.25558996795383,0.24050722274571,4.29798519565191,9,67.5200276836796,78.8813899561182,234.900109488201,71.7598481142405,99.5368721536076,0.955774655736424,748703.768039911,5438591.52691833,8.76391315489086,239.552740699327,44
-75.0804167027139,7.74374600065659,3555,76440.0304297297,0.219063043608662,-0.32393214220722,0.0928746263476527,3.59383085452438,8,80.436177898669,76.6148567629673,85.5775102464738,67.3055291870945,99.6927508554128,0.858672743530367,394195.632246444,5856441.9823306,10.2940375015356,265.391956936891,25
-61.9880486020353,-15.9368378659708,6773,229765.954054988,0.180601148953632,0.17980988431874,0.0670104398416028,7.96876362341282,7,100.00000000002,13.4712953329288,302.762287801733,47.7122842203281,99.8266560371772,0.85644966172897,4546482.52745024,3095245.02452689,4.23226846214455,245.529793711052,43
-40.5453894506605,-2.95200081499981,583,10010.9185049933,0.574569789674952,0.06895435786405,0.0015132580202664,10.784461081674,4,65.6062227880185,41.3382463354091,33.4756366199665,68.2443387082562,97.8717058942176,0.973592707610005,923875.010904919,413833.815203118,7.57035862190501,275.545334390695,81
-65.9046684866813,-5.18552790480368,1946,241492.722926965,0.546717515663307,-1.10088470810032,0.0039930502220663,8.32501365933773,6,100.000000000028,0.638228140953862,108.954964157959,16.6214210980248,99.7077664548973,0.860362485976252,1598556.31782117,154127.451607563,0.63258727218743,252.050928216947,19
-98.3257937266894,36.5982470670028,3996,274962.611765625,0.0638870306273814,0.61139453385861,0.009102070707883,51.6964925612861,7,99.9999999999729,13.7390305138055,540.87226348831,81.7799563298214,99.7693223208543,0.975142374938673,1799171.41472926,3777719.71320358,8.10527685455749,139.229489019255,28
-72.8861242885777,11.1615536001867,2130,31477.4174076452,0.207695113056163,0.54514305431884,0.045738053689907,3.12544805217594,7,56.3619457135603,247.911414818587,100.237587787088,69.8241546679682,98.8103561269481,0.982725626937464,323557.714471045,7803611.08436453,12.1355785135172,269.794099303089,46
-78.8918524564646,8.33600998378826,390,73305.1002719142,0.714808043875686,-2.11051992136058,1.51962387323321,2.70668002738298,7,22.2318186863497,19.1939029598075,152.824061745125,41.3970777116597,99.5701432723462,0.953527526810811,277538.433662002,1407010.98107808,4.24115948859954,254.341855334411,7
-51.458916097557,-26.6812193530001,7158,215673.209912042,0.0993027780127361,-0.308840775643,0.0568678713199187,3.56172803213564,5,99.9999999999527,48.1873394578657,803.474006845172,60.375641290194,99.8314193010493,0.73425922118413,2860048.83046767,10392718.1779991,9.25191586557277,178.865156506827,10
-164.141607001297,61.7031672035002,663,153509.729981177,0.144856968959221,-0.00075816980104,0.0526614752290322,2.58808593985358,7,40.5394818257764,0.161134275817033,54.1138902423083,73.4629763871228,98.8955760576051,0.996137554301655,1022449.15184955,24735.6791713852,1.23290235178077,-2.19771476785226,21
-107.622952725356,42.6917838535002,1900,132682.389888792,0.124551262549437,0.81154608351954,0.0193591411190129,9.4437688876439,8,99.9999999999141,2.10244427746127,1967.81528515687,41.7697963610883,99.7493154707309,0.909347570537359,2151351.36384771,278957.331341576,4.37297644930145,63.4495750123585,8
-72.6665993503155,8.80308235519145,1233,22752.7793912946,0.580280416101312,-0.10876727605876,0.0377466686659269,2.67215169161414,7,99.9999999999635,59.421135026252,210.888034188034,59.1523225566704,98.5204854532019,0.982098898046346,313211.78256929,1351995.97643264,9.03366778149387,265.847603121516,24
-66.21232657365,9.983348809801,2977,14281.6207174215,0.392031142660866,0.30617532339219,0.056222350935934,0.96847449002625,6,83.7984998375973,289.654801125603,763.458670605613,46.5585228951256,95.5685838226036,0.99546480245409,545669.645525641,4136740.00865602,10.6889807976366,226.273855243722,34
-141.299893034075,63.8328448225001,922,153598.342139136,0.115344841301408,0.5166346535846,0.0562616009753542,1.27781250047337,6,99.9999999999436,0.021875837439667,727.694169637925,68.1890820306428,98.9443281128453,0.995317272849504,1447774.57610091,3360.0923636381,0.23154770872342,-47.4355111401262,27
-132.082809686857,53.6405492605001,768,10240.731393381,0.101269491623674,-2.46333049758338,0.0933218480534271,2.06493506820469,23,0.0,0.157812336271339,214.412772007913,30.3268422354105,98.5561523847225,0.991898636496936,3261312.83495724,1616.1137463167,3.34106083086053,75.9546859545005,33
-74.0376569998449,5.38258596833552,11893,104598.325163018,0.102660952146029,-0.47999189240617,1.34746912997569,0.75819299121088,8,99.1276986880115,181.373636436744,1657.21628026287,52.0655054194252,99.6712180526576,0.94276246416074,523514.680123958,18971378.6000096,9.89343561429653,184.531975016083,15
-134.40751848287,61.5578231760001,1337,239107.648194835,0.067775452509454,0.42495856111849,0.0699151965753682,3.00695661878626,5,100.000000000058,0.160178687248673,1045.68261458447,54.695945559261,99.7808151680073,0.953208250373463,1090174.01002695,38299.9491989663,0.30907675152221,-27.1640991490166,21
-120.843896908601,37.5611336605001,3552,46490.211651732,0.0878904941607306,0.82764148507151,0.0016760486827021,8.13743872966725,5,99.9999999999564,153.48559524974,72.648107299886,84.7167981761388,99.3042906910822,0.995605624757773,331105.575865693,7135577.8086525,13.1782557846896,183.02435269212,74
-60.709493078013,-35.3109732344999,3156,398565.015156031,0.0880473827086018,0.40167330022349,0.0155527403246602,12.2832078595744,3,67.5395985565021,57.6175790944247,102.048221541407,92.3558166585426,99.8433987085432,0.74892769568073,688318.186505229,22964351.2850232,10.5125071928457,157.876145360224,11
-62.210348238069,5.51739719995758,4174,50675.183579158,0.260444547887816,-0.69416137718835,1.36948897438786,0.92413833632425,8,100.000000000014,1.21483832736147,1034.72360770342,24.0066043760293,95.9552436078874,0.999673851489091,2099199.40888296,61562.1552580395,0.34260410714886,207.932006856451,18
-55.0079058870717,-6.20090578149028,2699,335099.353832304,0.427762473217019,-0.50012730454675,0.0087583371256705,5.72878181090933,6,89.372703206137,2.23984746510569,229.041039016886,26.6270806830195,99.8957569452111,0.761213122498579,2018927.52753827,750571.43823984,0.87818837556344,249.394778807045,43
-84.6615685249076,41.2107476614994,3799,227944.562864764,0.0138630969217714,0.14643276866937,0.0005608676406267,69.7016772077775,7,66.1094387117605,140.995345325627,262.918559833388,83.846354649587,99.8179850965166,0.881080691594853,1163028.79012016,32139122.3562166,19.9733477882544,100.589190191575,7
-80.9361174529664,26.1713567877488,2513,19807.9262835429,0.113746389487816,0.24655501945693,9.14331437315941e-05,11.4204896005507,2,64.8599112467211,298.278636866445,7.09495776810852,71.6215339988056,99.1140171910501,0.914782874708428,543212.032481661,5908281.2510062,10.8893865711117,237.310766999403,40
-94.149924645844,40.2273407525002,3293,342466.634045311,0.0248977731389427,0.32648262998655,0.0029352784263803,68.9793298605541,10,99.9999999999845,29.1744286553114,322.786356405189,91.7090202806108,99.8237326782427,0.943037075554596,2037844.68277922,9991268.38177957,9.40053545044722,105.143984023398,23
-72.2622508593405,6.45614613746038,4129,29810.4990721526,0.144166022739817,-0.21382932775663,0.797912971719396,0.34575476609179,9,35.5123783408759,230.55089149136,3636.37011302041,64.0435359243455,94.6060434242999,0.999961927673503,1021652.16635835,6872837.13688714,7.08170914542729,77.3028774074501,9
-99.806490590599,48.3222324830002,2156,327663.776529457,0.0660253607345868,0.53622116949048,0.0038966015982776,66.5743678258297,8,99.9402432700922,10.5264907851968,570.836564968729,81.7715019475532,99.7507864661656,0.985854809718148,2356846.95576009,3449149.72428011,5.62349647520298,40.2257224462366,36
-105.63905424099,61.9198179740001,874,632838.638565328,0.170717423133236,0.38063737810807,0.0028705448893436,57.310425863983,5,99.8348686164205,0.0357438337845334,326.176512487482,62.4035285935942,99.8779635083333,0.929535694988746,2604431.34485537,22620.0791093095,0.18202832727597,-63.0447800576426,37
-72.3023134573469,-39.8923054290007,4349,248397.745039947,0.114124270049994,-0.71142566461053,10.9954951652954,2.1145293864484,5,27.8429248662881,31.3779644354629,811.129282900478,43.0829733381544,99.5799174157159,0.98159966880519,15208746.6176266,7794215.60971263,5.29068942361804,82.0817818224448,7
-98.2200184521813,17.0313357950148,7677,60973.487961222,0.124470272965225,0.3694941443513,0.224188762546457,0.7073145577593,5,99.5829174503845,29.6797735024167,1569.78816816897,56.9587211872012,98.8534115907667,0.978028028682267,236902.272582729,1809679.3123414,5.71096794931894,190.112599279429,82
-83.6509116146968,10.2141544437447,10302,58358.9474743369,0.0658266282070745,-0.75393048581952,0.509644471981657,2.67614006364841,9,68.9530382104571,53.5941432987067,181.704770650355,50.5838381444673,99.439729042038,0.981640420225645,437692.819226822,3127697.79370131,9.46195772916451,253.140352956866,21
-133.592389743957,64.749320263,979,302976.501452768,0.100090873685577,0.37750193801137,0.0376517666623164,1.91478335562037,7,99.9768484623062,0.0031608467974033,1048.26727548456,65.5362828873675,99.8140181302231,0.942816569524434,1743186.78483765,957.662304305449,0.042419072519,-61.0065473157113,21
-94.0010548440769,35.1511675270025,2121,69494.6853743712,0.0970919508653506,0.16664249923168,0.0009493912596995,42.0312804706026,5,99.9999999998373,21.7209099649284,259.489274438342,57.9212409774322,99.8077291053622,0.646069312405889,805297.196335754,1509487.80405774,7.15060455011522,159.208257616519,12
-85.7809517282401,36.9951986464959,2731,123527.225945767,0.0504787307852418,0.03577064545136,0.0002149745265392,52.1803116879231,5,100.000000000021,64.9930435377569,225.393611162108,64.8827934197863,99.720298550466,0.921461281842373,1275178.78490101,8028410.37399157,11.9684619278891,142.062631084111,10
-118.168498288108,59.8391780460001,1058,298907.95290085,0.133279264666126,0.4521612994436,0.0024323786110611,42.2270530539615,8,97.1231664892148,0.0619483203228389,425.184114444725,45.7444276363093,99.8409701534754,0.896320826388648,3127055.15610568,18516.8456133459,0.38922038266521,-13.5219003775605,30
-88.4761834622964,32.8610560750111,7669,521305.44234018,0.0261364348768408,0.12533142510123,0.0627464975401133,38.5478437719688,11,48.7060593810671,66.2753678829398,72.0524530459271,58.0382380135657,99.8085313031929,0.96714791949854,1278899.12906358,34549709.9704741,11.0153400950022,184.214340666709,9
-111.29191276005,40.01762323,2704,45693.3993184952,0.0741932265948426,0.7129697365985,0.0681187916035837,2.2690140752286,6,100.000000000057,4.50802880215887,2447.76851423282,64.5711496181439,99.2717404505882,0.991382375761987,1214278.19368468,205987.160196323,4.12248322147651,50.7111924323073,7
-128.519968835465,58.5424890340001,1240,169389.09091572,0.0697847620466225,0.05497104164032,0.0531168406685413,2.9330674369636,7,99.9999999999783,0.013227233731947,1340.58861629524,56.1679927979213,99.710071956212,0.971794927887012,15266024.5239285,2240.54909718425,0.16207102888379,-22.247245312719,21
-106.943124294017,24.3758967440065,5745,77362.26422279,0.0951357248283386,0.55863875246989,0.333829480244486,2.79780293984865,7,92.443920537762,46.5389396746374,541.474772345729,67.0194231062726,99.5055081164617,0.987641383716981,606976.552796402,3600357.74775778,6.81825303962965,228.276481660477,63
-72.8485371693903,0.679882899732018,5352,183358.314232868,0.161464253446417,-1.1534573213871,0.0203881347047635,8.94957438253731,9,99.9999999998994,2.26928398976154,215.549196192466,20.9436285369164,99.8655370444362,0.705855984896328,1671254.12955034,416092.086878313,0.88790534332632,241.536608571149,14
-68.1328914187868,-54.2735698135,792,164641.135911334,0.142805429864253,-1.45200457589187,1.1629392608704,2.80362046528089,3,7.22494949736945,1.67693394887694,407.923023539759,44.9206892328703,99.3687295221334,0.98870081684237,15019343.3360076,276092.310191378,5.90634938896084,45.8942941432582,4
-123.187463007575,41.3954664690001,2954,48358.2442368861,0.0655120196857846,0.04967640928023,0.968295458263954,0.5301029413334,6,99.9582153848559,9.97271605561104,924.198425406992,48.6700827328529,99.3995360395027,0.985963684148952,290070.941036059,482263.038722354,3.50808646917534,99.6903522818255,45
-115.910401760135,35.5638442019999,3150,127338.120022338,0.0241460328935478,0.93756701576479,0.0739496087724463,2.58346659379456,10,93.9461870988827,33.4651497737556,926.77606052448,20.8678581828371,99.7753501076029,0.855981104946084,1189683.10795542,4261389.25845601,4.24045514232813,185.103093803054,24
-78.382989190843,50.0545590560001,1406,271655.916755798,0.0667085120479827,-0.22685204589352,0.0032642084938306,89.3225009547948,5,93.9045945813621,0.882067096478291,328.857382645267,44.6546236748413,99.852978203474,0.840573506056241,2672917.58161034,239618.745733935,0.93718239673768,8.68805151642788,9
-91.7158675784881,79.8059142790001,316,649707.750703404,0.0529586012571346,0.07219697099676,0.146767729601797,11.8609379271153,2,14.3303231539365,0.0011080522268219,470.263321391147,4.82030222575122,99.2359553150855,0.99790577136152,1084408.64720429,719.910119950358,1.15189799324188,-183.809076761472,21
-99.6326054262862,25.0950281623719,2448,16236.7532225194,0.13643435806642,0.63048689567298,0.0025254233095627,4.48493795041611,6,99.9999999999504,297.31027595676,431.001385968266,76.7038329191359,98.2229737346084,0.988579778611455,976835.650825874,4827353.58122906,8.31776906901166,229.319919709425,58
-77.8530518801956,46.9281634475,2331,318861.613420376,0.0244622983618857,-0.26316139964013,0.004306057234307,53.4883892946651,4,69.3915085331573,5.17053759677892,371.703302317573,34.9125931969937,99.8977937926423,0.714206386057416,1157425.84423328,1648685.96035964,2.39546965296284,34.9612409048717,4
-91.3155261267256,14.194370326573,6006,67773.1261770972,0.0806599800934079,0.1716664596905,0.767435261813553,1.8774725722244,13,76.4432051467258,137.758324712637,245.578560048555,70.4325670788762,98.6072338312177,0.998918991941873,505514.259180835,9336312.32269506,13.0031864046734,260.185026426928,33
-96.1275884445446,31.4681048525218,2393,55752.7069488287,0.0687374804489202,0.43032813639702,0.001187870483427,52.0041772370972,6,99.9999999999501,21.0130016533268,119.191348128519,77.368784365684,99.44156015334,0.986250025986897,574491.306493622,1171531.72329318,8.45546207353428,198.637456111295,15
-63.6532455200545,5.30488930076968,6705,229835.856059758,0.205105477752172,-0.55542607710734,0.945427906775716,3.15217226244066,9,100.000000000041,1.01896277806657,278.685253668389,22.7425406938751,99.5937660968792,0.949423233901674,2188483.1414743,234194.182389959,0.50171166755777,249.172247222717,15
-101.903315877187,28.9445130884822,8004,65192.1022169089,0.0778160940292849,0.72912375237748,0.850469900719712,2.42873311306419,8,98.3604704145589,15.3494838494752,1659.83797050119,63.7922485411046,96.5711029480211,0.99984022598367,1475514.88751622,1000665.12009178,5.13606056644362,166.627960874268,34
-72.1622779034719,6.24958959426768,7488,67577.1504345772,0.22776560788609,-0.46703359377234,1.92953497400278,0.64850395233987,14,99.6853113250521,51.0180699287027,1496.23154442532,46.6376738750738,99.4780922306548,0.988329387823981,1287736.2167342,3447655.78645372,6.35011246120403,189.58096578415,22
-122.999432218235,44.79916676,2331,14884.6574892148,0.0531473588065155,-0.19556516105009,0.0021980663585667,3.30129755643149,4,99.9999999997805,234.540649006202,142.567218624477,60.9257316173457,99.0520960089521,0.967147885848062,220904.216555825,3491057.22775547,16.5853758504795,118.587958029347,46
-43.9773066627664,-4.22655418649962,2432,141635.199282547,0.293291183702143,0.06911105910488,0.0156256867656138,7.6408801956813,5,90.1443863394529,41.0528289354891,126.137710486377,66.4299282117993,99.8391964542132,0.725876738286012,2885030.2888255,5814525.60739031,7.19393052443931,273.120445935447,75
-39.5930018447707,-16.4352658945,9986,109305.057222678,0.10559855671303,0.07500181252204,0.316098481903046,6.98481301907746,5,76.3593014686084,80.3559202930829,262.120860764469,69.5330723123786,99.6851289242551,0.891387021429446,1019497.1243507,8783308.46581638,10.0616850968625,238.495719709001,10
-71.0177102386944,19.0645156190859,2740,11560.0434023132,0.262758845589434,0.09724690068773,0.120717342827872,0.69819477509982,3,99.9999999997341,124.93706676495,1169.20488010097,60.816084700603,97.4267258802811,0.982332427140653,83165.9887146467,1444277.91436052,9.74519702706493,194.609171224232,22
-66.1967655121704,-13.7156470998733,2498,125589.145830982,0.488467261904762,-0.12533342521851,0.0028337897478136,11.7657643577445,5,99.9999999995406,1.63510658474415,158.934782462624,63.0777960692088,99.3758780375329,0.938644651628293,1849835.99266046,205351.639320632,3.85802116579876,255.772296321183,45
-69.9379148792177,-15.0177827193037,5188,116873.794336812,0.238341968911917,0.32576089312481,1.93650918892415,0.92964684332153,9,70.1739295970222,43.0791156592238,4229.85215397311,70.1815559434176,99.238491183655,0.996042358745768,1699920.15264845,5034819.70376786,7.65253079973418,55.3628854987476,37
-104.651706552105,29.2539878734842,6774,501896.630349638,0.0351181454276942,0.85195632371474,0.258163675742105,8.5365275993687,11,100.000000000065,18.1544865957862,1280.73516000059,42.9495890370238,99.8595662506734,0.896196996065845,1779785.52606784,9111675.64815275,5.48145538859411,187.859334730459,40
-52.6581728710159,-10.0261437055198,22187,412314.049714046,0.426122418851839,-0.32075014702243,0.0287509288310289,6.89280163159021,5,100.000000000108,5.43334098536665,311.30113651443,43.7316788851665,99.5707163815949,0.93967289100795,3419658.04802347,2240242.82515383,2.69584203531422,251.134658688405,50
-89.2188101035547,20.2933535001339,2778,49623.1927661748,0.0502070482310693,0.4088620059892,0.0004954082457207,9.56406737858276,2,93.6426322000649,53.4137541922061,40.186971865186,38.3577071259753,99.483899242784,0.842794459807365,96140.3693484082,2650561.02064492,7.25360183896138,260.168614627513,48
-88.9410483620181,40.8070649539993,5535,228323.984844254,0.028543636755725,0.19755753898205,0.0021905855248729,71.6664821382057,8,92.2410835086959,92.6232974436878,196.062949795987,85.6371939078795,99.7998627008155,0.924860146645135,1864265.26666711,21148120.3617574,14.4381871382154,116.04816676574,12
-59.731500761153,-29.9909058585006,1871,37090.4667151958,0.366053969495503,0.34575997031711,0.0007951201135083,11.5345396046878,4,91.6412009008118,30.2574941802017,21.8479685718938,60.6561024263149,99.2754635292683,0.991342455834817,1341387.98956288,1122264.580776,6.37656733431037,190.096279107637,23
-96.5335262415317,38.0656015335018,1453,27932.2550875733,0.0768586903003447,0.44148144910468,1.88953463516211e-05,57.8646859385033,3,100.000000000012,9.90997204900918,387.156367336063,87.2389961483491,99.3219433223691,0.963748986253345,705617.436989945,276807.867183646,6.04236815968605,133.386570092779,36
-112.003890660811,26.808518837504,1724,23536.7118923464,0.101016204339467,0.91425672819321,0.0124679553232175,1.94358176262392,2,32.3583432470951,8.84855794754977,300.494089995572,46.8572401812174,98.6614205430047,0.998829427138586,302076.730246571,208265.959074211,4.65211022924686,228.382157577409,63
-44.7979866878376,-22.2205686274998,7056,26312.938094609,0.212100119720467,-0.0261813061213,0.16062781120471,2.73182960085995,8,100.000000000034,28.8151249073425,1109.70357219382,69.1414490801677,94.8467205730004,0.999843547319209,3692079.22482581,758210.597875329,8.59150876978175,196.628455110349,47
-156.996894001296,57.1672327125001,703,48880.3462716303,0.160999134413256,-0.53604199658573,0.267686473010059,0.33415686861146,3,17.2447258418871,0.0437265989961119,373.292648688585,65.3527046282126,98.4744834249233,0.997180341501983,383120.248973926,2137.37130021067,1.9506148081693,22.7686421447042,15
-142.358806858041,61.757978021,1080,165302.122618475,0.0729103376443017,0.00617638560288,2.27385933892304,0.8570702328573,10,93.9081318470651,0.0099650679838912,1249.82564407763,51.9113612441839,99.6555112341663,0.983598882350023,15537072.4190094,1647.24688977463,0.20447927835761,-48.0987069262323,20
-46.3470469803782,-23.9134124114998,3468,10025.2809597311,0.308880308880309,-0.1356082629218,0.965317008467415,7.50516523583672,10,52.7910149654524,596.91228048081,25.7684932889293,57.730951660107,90.6396470592098,0.999999263046625,1949450.69799153,5984213.32013393,15.9553940861843,248.250076335878,11
-124.103451875978,40.3854368045001,2408,13593.3040369106,0.0361300928709009,-0.11097248123974,0.216029124907478,1.30199587664062,3,48.2650060121869,18.5526839330032,339.481799300394,36.0526344556187,97.9673301801959,0.99972824856564,197839.960992729,252192.273402019,5.60587013554875,125.179328815042,66
-119.499338145146,37.6103035505001,4414,53102.7092559515,0.0321501272264631,0.47665121557076,1.49307217141704,1.07713772386913,8,99.7557424288303,7.74203582452917,1909.82488461489,55.7616317190132,99.3694292645444,0.994254218510298,871816.211263556,411123.077439133,3.08896545517658,85.2221050872299,50
-78.0445256907258,34.6801205275065,3364,78476.1697622946,0.0727597325706374,0.15666206517736,0.0024280197867258,41.9190963282727,4,16.1802652137672,80.3838039149482,15.5382917174178,54.8975810749087,98.9122676075338,0.99443286612,775163.045800186,6308213.04216848,12.8902538824604,166.576754719854,9
-50.8386678253947,-15.205772209997,16958,1910038.90362886,0.0608265661646083,0.0729462302112,0.990185706994755,5.83566595263857,15,99.9999999998921,17.1531487402547,512.292277030221,72.8960782314013,99.9134089034615,0.873740561883376,4325027.5052831,32763181.4136189,6.60326404956142,244.392078763799,21
-88.4364137453324,19.6755024536955,3111,69481.9566608253,0.0490441411819478,0.33400160806727,0.0023065800841406,8.2760099750447,4,87.4669624870582,28.3929181283588,81.7214578779413,27.4440145413739,99.4320672184667,0.918117761414274,242030.041216648,1972795.50686899,4.45419584098002,255.715262598043,46
-78.3123683607219,73.2625282555001,233,98540.4484500978,0.275500476644423,-0.32061559486622,0.0225506541067937,6.49775042963534,2,13.1775187603567,0.0108353187884449,699.275867453907,5.64506739941588,99.49852694574,0.979308193294298,1635575.94945759,1067.71717251313,1.23197559865367,-147.95696870421,23
-70.8030262411865,8.8031510865377,3963,29268.8995420544,0.295575450888802,0.07813941803483,0.384728599540039,0.57681638212147,9,72.850425469829,89.6864415077256,1354.98822476839,52.2954197812347,99.449263206674,0.914817867595927,706301.415465892,2625023.44677396,9.75551963981644,197.664867672949,24
-92.1363045891848,14.9120705501147,4978,11217.8466460974,0.148990263773727,-0.31494938797206,0.273053221687224,1.58655998359966,5,98.3709715259549,198.617408717903,633.570343607138,51.5409231676744,98.7787017399245,0.983572769910625,248220.999858807,2228059.63224268,10.628299660817,240.080961510102,71
-164.176292368787,65.4336392800001,648,47229.785874593,0.153232697237254,0.19084414978337,0.0017316755670267,1.38674136101603,2,40.3046541682522,0.045336926702065,193.061225606277,83.5491000601783,99.2368109962915,0.981123298914752,579783.255158842,2141.25334035065,6.71190984189507,-52.3163817964409,31
-78.906782685526,44.3264984255003,3894,129943.651051323,0.0175844113431428,-0.06675394036069,0.0005824422269239,56.4209822223415,7,54.2535303342583,118.265858583421,177.800821254136,70.6702379076729,99.5812223472639,0.981922276134146,1783687.15783987,15367897.4590492,18.3127954151568,74.1359549787301,4
-63.8174385693484,3.99986469048466,7345,145961.14208736,0.18632972322503,-0.60998355575086,1.32264284791051,1.71108375786902,8,99.9999999999467,1.10834139562748,615.007820296588,22.2182796514716,99.223237394847,0.994307140925533,2003913.45037476,161774.775928485,0.41399716368348,230.325692008707,17
-66.1949006613613,9.74566812644493,2824,68181.4509758214,0.458072043167566,0.38775615679027,0.0467124800059994,3.68373494542213,7,80.9025553832821,134.719308726129,279.97193616756,65.2158459045007,99.7137462048332,0.835037684790259,521038.714809296,9185357.94340708,9.43351203091884,259.815945642688,34
-95.7889007543618,16.5615896068439,5100,14298.3100317357,0.201072961373391,0.24692839183965,0.436254638482968,0.67500600639115,5,61.9114977598086,48.5825650718842,1653.2503431709,53.2736787920384,98.6648662865393,0.967082540384178,406122.995393679,694648.577534775,5.91334934797529,177.640414092885,64
-55.7301216049046,4.90486473046371,8513,476153.191734555,0.0788528904302968,-0.3549467172145,0.318009866301106,8.24097195311101,9,86.8516086997201,3.9331532993563,168.116145101846,24.6951082624327,99.9001915550035,0.813632396394762,1534030.88738825,1872783.4970698,1.10626510423162,252.658569747112,27
-71.1239695318681,-31.189909029494,2631,148381.628886242,0.117722106239852,0.668023468013,5.25822256660308,1.6129880420891,4,67.7344317594441,75.9756936036357,979.999841646089,45.2809544781991,99.6047865237341,0.993476710772635,733011.593777633,11273397.1726695,8.42043458251476,143.330439860638,47
-115.871524357057,39.370544614,4011,300877.738229835,0.0487259419896991,0.86231100238577,0.0677915641450307,4.84947549447441,7,49.1325829173362,12.6527692657224,1693.16079926661,39.4280363458246,99.8634035842495,0.844388501911215,814868.488584835,3806936.59901452,3.86776105586238,107.912732722477,8
-40.88744643157,-12.1946179155,5364,114660.154871072,0.207881231671554,0.48112144247718,0.0919906535228926,6.05713164726459,3,100.000000000026,11.9419866007044,554.033676930532,65.9169860358574,99.2611678473661,0.983658701124072,2667672.01281973,1369270.03310503,8.62246890739028,250.165124884366,26
-90.0186702390669,17.0946495332259,10709,148595.73348722,0.0722853593874562,-0.3690220023416,1.20492147781373,4.5188011330988,12,45.9412553238353,51.2383598264056,253.639729277297,52.8189694356064,99.7637420522307,0.903284342916137,620707.739553772,7613801.66108685,6.72034189550237,246.214166934581,39
-72.0097389014775,19.0859537608875,3433,45813.5392711222,0.184088544130167,0.13822831648007,0.183021039565615,1.94831119176455,3,71.0053892147438,367.982277175807,296.026643878744,69.8301340289647,99.1914388477483,0.942072223734194,48912.4928458377,16858570.5064708,13.401331294414,248.176684357291,21
-89.7173132063116,15.1789788000306,5432,13251.1043650151,0.201326385599242,-0.07109684731082,1.61398350441554,0.55255259094926,7,96.256414364915,213.132825918955,1648.81857909851,43.0300287176926,88.7376770591437,0.99983570466204,468610.152155895,2824245.31986267,9.26020726682482,174.760706704957,34
-40.1991849543277,-9.54207278699993,9960,731320.171096258,0.0567355545286997,0.56929219468624,0.596741965501447,5.09579150930243,11,87.8967074768441,33.2491391001385,413.533995062144,76.2237217982767,99.9067248748164,0.779495760602651,2632223.18914152,24315766.0955166,8.27619761702883,259.019096281416,21
-104.608031439588,64.7648212725001,742,840831.036382813,0.0789610727769822,0.38624170534046,0.0207803251460137,35.669391525231,6,36.3222460449355,0.0074232565133145,218.996968697074,68.286950108551,99.7092388199639,0.991120763509856,3214687.54591045,6241.70446742577,0.15269241494256,-103.498153241901,29
-64.1729434211591,58.7600183305001,251,32767.3134121726,0.358281358281358,-0.46934357442505,0.0026298475544666,15.6715562492724,1,26.8033366319186,0.0,505.306056315413,53.4884464361306,99.4345308626257,0.921141011793061,757985.099455822,0.0,0.33698746113536,-69.7413840921366,15
-71.0793142105445,-10.4720169216208,19091,746652.787309545,0.209042675412028,-0.68980580421081,1.24182832552334,8.36017129996461,15,99.9999999998557,3.60160781994618,262.359189292888,23.6825433904349,99.8947434925133,0.900579148921714,3556383.46034631,2689150.51755867,1.64305301645338,247.69175863859,16
-66.0285087917466,50.8931584885001,1714,465732.145206465,0.0601726673307718,-0.72330456283749,0.107672676241705,31.9901825284116,5,35.2176402696372,1.48725373637342,360.418078123001,47.0210205296775,99.7195164285735,0.931666237030158,1812830.74375094,692661.873107523,1.25156974283774,10.0498024289187,6
-141.956909502715,60.4936425345001,1247,106662.991946546,0.099653944530819,-1.68917603300826,3.94127089650932,0.58636333606508,9,88.8404788755954,0.482552824308344,999.870398869963,40.9030574653512,98.7613688492293,0.999299653832445,14967146.0139232,51470.5280129839,0.92322548861461,-11.4017648110283,22
-63.3289241412722,0.370525843576136,2793,95986.147019624,0.332824248120301,-1.02113765111556,0.0895118371252612,6.70494452127673,10,100.000000000021,0.249276561124444,81.9252526513901,23.6716914486536,97.6733834915825,0.998299649032,1897017.91401538,23927.0966446372,0.12692777693536,251.974337932941,12
-69.2691549698836,-43.112436579,2174,576592.954708726,0.153589521808971,0.7871354243195,1.43588780080633,5.74652162509538,5,47.9751685107368,1.71490615334551,649.910288269851,40.5482826048731,99.6792469190722,0.987004464635574,15085804.4696067,988802.806005663,4.20722930874131,86.4274108942473,9
-116.664501857944,32.6389585950002,6262,32877.5498289985,0.0193796392263789,0.81962659890215,0.118722786088685,2.97182121444049,5,44.6194666212938,709.848872905418,513.021333700365,66.9607964581469,98.7395436942925,0.998944577951306,521225.552967464,23338091.6900063,19.166402862845,171.374876700388,54
-56.7397150503807,-0.232636495975531,6324,470048.445330154,0.169481117592877,-0.51519590642063,0.0439131249131446,4.44516266520416,15,89.511056509347,2.99836269988052,175.390504789613,21.7208156466803,99.9053561056974,0.780403211413003,3258304.08980104,1409375.72561476,0.90085079374397,255.266383276949,28
-71.4615604197205,6.92988683674127,3297,68245.4046433248,0.363368730943119,-0.23093119776802,0.237707772120213,5.61446343975377,6,100.00000000009,29.1835199632457,188.010656685609,69.3845235578657,99.2881880173653,0.987762449260896,886733.393196892,1991641.12880825,7.61696862681705,260.739091508226,35
-70.9904784229246,-15.6040849479266,4101,211479.652021347,0.23357809089105,0.74703589059489,3.52123173237976,1.33128796623894,9,85.5493843623121,11.6899252556375,3947.04029563786,37.1876253787433,99.5234965201539,0.996738576969147,1824068.4654162,2472181.32521777,4.09897194170671,52.8307097811537,42
-85.3535420438996,9.90647850361389,7823,10653.4586338682,0.12092365276079,-0.22959347891392,0.418103257493206,1.356762853014,5,76.3194978544035,316.809198295293,593.40272152924,57.3006641827312,97.2051329644056,0.9892545546875,282523.988682185,3375113.68886785,20.1877531184189,235.151466061882,29
-62.4092259724067,-4.23339918284697,1965,66506.1768775957,0.527244421380384,-0.76371464950199,0.0070903276151069,6.02150204494084,11,99.9999999999476,13.5025166535316,44.2745832503155,29.4770671448496,97.5793355850055,0.999649066975812,3550948.56575464,898000.760852452,1.76731088530252,260.064581257887,27
-56.3614365216283,-18.7024048274885,2877,170501.126031208,0.197268793942672,0.22249344849456,0.0024919693684861,12.3693941366607,4,100.000000000022,0.649770403721392,132.302736866243,68.1439374758153,99.5429952216026,0.9150503493634,3218189.60253198,110786.58549625,3.64268345698357,258.26499209371,46
-61.5540766167787,9.04134250124541,1165,28028.1971606222,0.45095785440613,-0.05333451182095,0.0018067845979319,10.6048861304284,6,68.7203667687301,10.5282722753554,16.2529345447311,32.713873599045,99.1020050584891,0.994647494387365,992167.118953152,295088.491094374,3.42028649114663,257.799283748383,33
-74.7873668930275,39.726216388501,2467,14307.5601573061,0.0743401829764813,0.08460754514339,0.0001644594703031,62.8908723629369,2,12.5822065651601,372.035320795316,25.5637507430157,59.2466811967505,97.0370080539017,0.993849428361473,151908.74634264,5322917.73292166,28.3307905686546,124.483108777492,8
-77.9017700789852,21.5033499593986,3558,65744.5938854547,0.290322580645161,0.29420006018399,0.0021343710309379,5.78306408586244,2,58.261691008589,110.716397504971,69.6058655484852,72.5631367933203,99.3119962180295,0.990791849575896,43245.8642419505,7279004.59042486,10.848873849021,252.393815671706,40
-65.0024791821144,-18.3483233975444,5715,72779.5726599622,0.200733496332518,0.62946654352294,1.1209355140355,0.99301193015655,6,100.000000000002,29.3866026435605,2616.20389364779,63.3951718767382,98.8879465458739,0.994641306580458,1535461.51206387,2138744.38232645,6.1110357103126,134.649371453999,45
-101.54368790426,23.4658784609126,12026,124975.109825605,0.197386273256086,0.79656483366791,0.192680157450744,2.43749184882211,8,100.00000000004,24.4432381665672,1795.8177846683,55.3897198666809,99.62510369586,0.912247861814323,1097299.22059693,3054796.37436016,5.61606106065266,185.866950796211,36
-60.6355374121407,3.75348392919258,4495,104496.096736269,0.225464448983562,-0.20646426982703,0.584920662366367,5.2723418010941,8,99.0929425862449,11.2549348907076,322.017658220601,61.2030981630216,99.2192166859765,0.993044443609785,1597859.32646017,1176096.76509979,2.76098015801613,253.808919281484,28
-76.060466501228,-1.52129928863825,9000,250590.941393298,0.0987232512138105,-1.4581724032764,0.150817399473631,6.67924121335575,9,74.0592493064729,6.43064467863461,229.477575910707,23.7464669468753,99.8785190986103,0.711008889735908,1704637.96010391,1611461.30378485,1.8511388739983,243.720602846929,5
-150.267913698559,61.6894565655001,847,28041.0807581504,0.141456097842391,-0.19822223672578,0.0144735193669689,0.91004993488138,4,60.1838988200046,10.6101779425543,188.827314351557,59.579383850329,99.0403235224426,0.8988035077972,14530626.1471982,297520.85654551,3.33847296764608,20.6199854452834,31
-54.770039796522,-31.1947494110001,4489,352496.619728776,0.153002057484881,0.05272443166079,0.0373503285461206,6.81037870395141,7,58.1117365722316,26.5824020253818,145.913351037429,79.9299104472547,99.9161171946776,0.645328887220565,1564413.18705588,9370206.85821844,8.75959478549339,182.230952002121,6
-69.3596316911814,-22.4814091795475,420,104903.505593474,0.340909090909091,0.99476623830973,0.155652322366071,2.23660445637063,2,67.5276327110107,8.75198872779862,1707.4008390974,1.73848886873039,99.706285482463,0.923572410278618,403313.710169016,918114.298460644,3.57692860112636,155.967781683486,70
-96.9073753806664,31.4915712105188,2397,43381.965045337,0.021225952309858,0.45666284768236,0.0001802544494694,51.1296639620469,6,99.9999999999381,213.59949858987,161.354999324872,82.7942209019714,99.082125853604,0.989418959534978,586862.048397114,9266365.98152724,14.8681812044288,194.220294355928,15
-97.0488863229261,34.2561017100077,2457,88188.1911790091,0.0276888754521856,0.5187454092512,0.0009893564598176,49.734093456485,8,99.9999999999435,50.6097833654192,312.20454231279,78.7008627629557,99.5641924915674,0.984229446194239,1041086.64653241,4463185.25095782,9.79370126121145,178.645364580369,21
-67.0728801947754,-37.8158746585001,1776,353634.690535094,0.2,0.85693021241911,0.0763166402640525,8.95666686413988,5,84.3297113619004,9.60243979745607,426.610551705655,51.7380317010605,99.8221597433418,0.950343944094002,1903458.6988205,3395755.82615525,4.65684941996248,150.4448011486,12
-84.6603371320088,14.0979498929705,5625,89449.8939213101,0.133583489681051,-0.2896702596951,0.647682364690204,2.9545693556137,7,90.0957761224168,45.4072187259319,295.387069135965,45.995508939752,99.4818500376337,0.944033672907523,444432.618949597,4061670.89829633,7.1452391936805,244.222453418196,34
-102.6625873881,20.5206452366597,4863,37383.7210298565,0.108162701197083,0.6077491849324,0.0011644309028453,2.26506932482673,6,100.000000000021,392.492586749547,1784.874048552,83.3874476422105,99.6517694551826,0.804501719538128,533324.075446248,14672833.3693318,14.0473134261136,192.549745529883,88
-116.547991635857,50.2449440655001,3326,284264.367888083,0.0398671687900074,0.09066245389843,0.946466936009603,5.15875953174912,12,99.9915202365013,4.30667823300355,1480.66714348328,45.8869685619795,99.7808455451838,0.966409882541601,2502687.9986452,1224235.16560212,1.97330557437144,29.2049169223413,12
-47.1649968138827,-2.98619068149968,3480,192765.936029004,0.235165259970363,-0.40606295794909,0.0186342213689849,6.54013827533015,6,81.6095670080132,31.951274392616,92.5041204708595,52.2787689924436,99.9034375550824,0.584323025437307,2858259.50090521,6159117.31561217,5.17362718520053,262.019688764339,48
-78.5767275893739,-6.91931894518554,1425,12119.7037348885,0.475580702799285,0.07167231635421,0.223437006903193,0.38513182264018,4,66.2566496827448,35.2377079306144,3628.0053816047,67.3249231199329,96.3131068588103,0.999142035054908,428600.942461507,427070.580415577,6.09945485043332,85.3149287112105,30
